Relatório de classificação de estabelecimento no estado de SP (TIPO X QUANTIDADE);;;;;;;;;;;
 Classificação de Estabelecimento;Quantidade ;CNES - Cadastro Nacional de Estabelecimentos de Saúde;;;;;;;;;
AMBULATORIO;88018;;;;;;;;;;
UNIDADE BASICA DE SAUDE;5597;;;;;;;;;;
UNIDADE DE APOIO DIAGNOSTICO;5577;;;;;;;;;;
FARMACIA;4554;;;;;;;;;;
UNIDADE DE REABILITACAO;2800;;;;;;;;;;
PRONTO ATENDIMENTO;1473;;;;;;;;;;
UNIDADE DE ATENCAO PSICOSSOCIAL;1132;;;;;;;;;;
CENTRAL DE GESTAO EM SAUDE;1051;;;;;;;;;;
HOSPITAL;1017;;;;;;;;;;
UNIDADE DE TERAPIAS ESPECIAIS;1010;;;;;;;;;;
POLO DE PREVENCAO DE DOENCAS E AGRAVOS E PROMOCAO DA SAUDE;528;;;;;;;;;;
UNIDADE DE ATENCAO DOMICILIAR;450;;;;;;;;;;
CENTRO DE IMUNIZACAO;398;;;;;;;;;;
LABORATORIO DE PROTESE DENTARIA;324;;;;;;;;;;
CENTRAL DE REGULACAO;297;;;;;;;;;;
UNIDADE DE VIGILANCIA DE ZOONOSES;289;;;;;;;;;;
CASAS DE APOIO A SAUDE;257;;;;;;;;;;
CENTRAL DE ABASTECIMENTO;215;;;;;;;;;;
UNIDADE DE ATENCAO HEMATOLOGICA E/OU HEMOTERAPICA;176;;;;;;;;;;
NUCLEO DE TELESSAUDE;150;;;;;;;;;;
OUTROS;133;;;;;;;;;;
LABORATORIO DE SAUDE PUBLICA;105;;;;;;;;;;
ESTABELECIMENTO HOSPITALAR EM TRS;83;;;;;OBS:;"Estabelecimento Hospitalar em TRS"" refere-se a hospitais cadastrados e habilitados na rede de saúde para realizar procedimentos de nefrologia de alta complexidade, como hemodiálise e diálise peritoneal";;;;
CENTRO DE REFERENCIA EM SAUDE DO TRABALHADOR;60;;;;;;;;;;
CENTRO DE ASSISTENCIA OBSTETRICA E NEONATAL NORMAL;31;;;;;;;;;;
SERVICO DE VERIFICACAO DE OBITO;11;;;;;;;;;;
CENTRAL DE TRANSPLANTE;4;;;;;;;;;;
;;;;;;;;;;;
Relatório de classificação de estabelecimento no estado de SP (TIPO X QUANTIDADE);;;;;;;;;;;
